{"prompt_length/clip_ratio":0,"perf/time_per_step":54.396706690997235,"timing_s/step":54.396706690997235,"timing_per_token_ms/ref":0.4020487516015189,"response_length/min":41,"timing_s/adv":7.831403627002146,"timing_s/update_actor":11.226985535002314,"actor/pg_clipfrac":0,"timing_s/gen":29.752157865004847,"_timestamp":1.7518786668056955e+09,"_runtime":630.246959182,"global_seqlen/balanced_min":3160,"prompt_length/max":731,"perf/mfu/actor":0,"global_seqlen/mean":3279,"actor/kl_coef":0.01,"critic/score/mean":0.17688578367233276,"perf/cpu_memory_used_gb":86.68429946899414,"critic/score/max":0.8999999761581421,"critic/advantages/mean":0.3773002624511719,"response_length/max":1110,"global_seqlen/max":3398,"timing_s/old_log_prob":2.940893677994609,"timing_per_token_ms/adv":1.194175606435216,"actor/ppo_kl":0,"_wandb":{"runtime":630},"critic/rewards/mean":0.17688578367233276,"actor/entropy_loss":1.0456170042355855,"global_seqlen/min":3160,"perf/max_memory_allocated_gb":49.54197835922241,"global_seqlen/balanced_max":3398,"critic/returns/max":0.8999991416931152,"critic/advantages/min":0,"perf/total_num_tokens":6558,"perf/max_memory_reserved_gb":56.8359375,"prompt_length/min":702,"critic/rewards/max":0.8999999761581421,"actor/pg_loss":-0.05377153058846792,"response_length/clip_ratio":0.1666666716337204,"response_length/mean":382.8333435058594,"critic/returns/mean":0.3773002624511719,"_step":10,"critic/rewards/min":0,"actor/grad_norm":3.5241811275482178,"critic/returns/min":0,"timing_per_token_ms/gen":12.952615526776164,"timing_s/ref":2.636635713002761,"critic/score/min":0,"perf/throughput":60.27938453381923,"timing_per_token_ms/update_actor":1.7119526585852871,"prompt_length/mean":710.1666870117188,"global_seqlen/minmax_diff":238,"critic/advantages/max":0.8999991416931152,"actor/kl_loss":0.05227452889084816,"actor/lr":1e-06}