{"critic/score/max":0,"perf/max_memory_allocated_gb":49.54388189315796,"global_seqlen/max":3225,"_step":2,"perf/time_per_step":69.74529008900572,"critic/rewards/mean":0,"actor/pg_loss":0,"actor/entropy_loss":1.3298322955767314,"prompt_length/min":247,"critic/rewards/min":0,"perf/max_memory_reserved_gb":56.201171875,"_timestamp":1.7518896395468886e+09,"timing_s/ref":3.820134052002686,"prompt_length/mean":251.6666717529297,"response_length/max":1033,"timing_s/step":69.74529008900572,"actor/lr":4e-07,"actor/ppo_kl":0,"global_seqlen/balanced_max":3048,"critic/returns/mean":0,"timing_s/gen":46.64015756099252,"response_length/mean":764,"prompt_length/max":254,"_runtime":270.985591108,"perf/cpu_memory_used_gb":74.92987442016602,"actor/kl_loss":0.0015214125160127878,"perf/mfu/actor":0,"actor/pg_clipfrac":0,"timing_s/old_log_prob":4.217149280986632,"global_seqlen/minmax_diff":356,"perf/throughput":43.68753784107227,"prompt_length/clip_ratio":0,"critic/score/mean":0,"critic/advantages/mean":0,"response_length/min":382,"critic/score/min":0,"timing_s/update_actor":15.04025757900672,"timing_per_token_ms/update_actor":2.4680435804080605,"timing_per_token_ms/ref":0.6268680754845235,"critic/returns/min":0,"global_seqlen/mean":3047,"actor/grad_norm":0.016119837760925293,"_wandb":{"runtime":270},"response_length/clip_ratio":0.1666666716337204,"perf/total_num_tokens":6094,"timing_per_token_ms/adv":0.0035851481791472897,"critic/advantages/max":0,"global_seqlen/min":2869,"timing_s/adv":0.021847893003723584,"critic/returns/max":0,"timing_per_token_ms/gen":10.174554441752296,"global_seqlen/balanced_min":3046,"critic/advantages/min":0,"critic/rewards/max":0,"actor/kl_coef":0.01}